<updates>
	<update>
		<name><![CDATA[ Phoca Maps ]]></name>
		<description><![CDATA[ Phoca Maps is Joomla! CMS component. It displays maps on your site rendered with help of Google Maps API or OpenStreetMap API. ]]></description>
		<element>com_phocamaps</element>
		<type>component</type>
		<version>3.0.12</version>
		<infourl title="Phoca Maps 3.0.12">http://www.phoca.cz/version/index.php?phocamaps=3.0.12</infourl>
		<downloads>
			<downloadurl type="full" format="zip">https://github.com/PhocaCz/PhocaMaps/releases/download/3.0.12/com_phocamaps_v3.0.12.zip</downloadurl>
		</downloads>
		<tags>
			<tag>stable</tag>
		</tags>
		<maintainer><![CDATA[ Phoca.cz ]]></maintainer>
		<maintainerurl>https://www.phoca.cz/</maintainerurl>
		<section>Updates</section>
		<targetplatform name="joomla" version="3.9"/>
		<client>administrator</client>
	</update>
</updates>
